{
  "@context": {
    "@vocab": "http://www.w3.org/2004/02/skos/core#",
    "@language": "en",
    "description": "http://purl.org/dc/terms/description"
  },
  "@id": "http://rightsstatements.org/vocab/CNE/1.0/",
  "prefLabel": "Copyright Not Evaluated",
  "description": "This Rights Statement indicates that the organization that has published the Item has not evaluated the copyright and related rights status of the Item.",
  "definition": "The copyright and related rights status of this Item has not been evaluated.\n\n  Please refer to the organization that has made the Item available for more information.\n\n  You are free to use this Item in any way that is permitted by the copyright and related rights legislation that applies to your use.",
  "note": [
    "Unless expressly stated otherwise, the organization that has made this Item available makes no warranties about the Item and cannot guarantee the accuracy of this Rights Statement. You are responsible for your own use.",
    "You may need to obtain other permissions for your intended use. For example, other rights such as publicity, privacy or moral rights may limit how you may use the material.",
    "You may find additional information about the copyright status of the Item on the website of the organization that has made the Item available."
  ],
  "scopeNote": "This Rights Statement should be used for Items for which the copyright status is unknown and for which the organization that intends to make the Item available has not undertaken an effort to determine the copyright status of the underlying Work."
}
