{
  "@context": {
    "@vocab": "http://www.w3.org/2004/02/skos/core#",
    "@language": "et",
    "description": "http://purl.org/dc/terms/description"
  },
  "@id": "http://rightsstatements.org/vocab/CNE/1.0/",
  "prefLabel": "Autoriõiguslik seisund hindamata",
  "description": "See autoriõigusliku seisundi deklaratsioon näitab, et objekti avaldanud organisatsioon ei ole hinnanud objekti autoriõiguslikku ega sellega seotud õigustest tulenevat seisundit.",
  "definition": "Objekti autoriõiguslik ja sellega seotud õigustest tulenev seisund on hindamata.\n\n  Palun küsige täiendavat infot objekti kättesaadavaks teinud organisatsioonilt.\n\n  Objekti võib vabalt kasutada kõigil viisidel, mis on lubatud kavandatavale kasutusviisile kohalduvates autoriõigust ja sellega seotud õigusi puudutavates seadustes.",
  "note": [
    "Juhul kui ei ole otseselt öeldud teisiti, ei anna objekti kättesaadavaks teinud organisatsioon objekti kohta mingeid garantiisid ega taga käesoleva autoriõigusliku seisundi deklaratsiooni täpsust. Kasutusviisi õiguspärasuse eest vastutab kasutaja ise.",
    "Teie kavandatav kasutusviis võib nõuda täiendavate lubade hankimist. Näiteks võivad materjali kasutamist piirata muud õigused, nagu isiku-, eraelu puutumatuse ning moraalsed õigused.",
    "Objekti kättesaadavaks teinud organisatsiooni koduleht võib sisaldada täiendavat informatsiooni objekti autoriõigusliku seisundi kohta."
  ],
  "scopeNote": "See autoriõigusliku seisundi deklaratsioon on mõeldud selliste objektide märgistamiseks, mille autoriõiguslik seisund on teadmata ja mille puhul objekti kättesaadavaks teha kavatsev organisatsioon ei ole teinud pingutusi objekti aluseks oleva teose autoriõigusliku seisundi tuvastamiseks."
}
