{
  "@context": {
    "@vocab": "http://www.w3.org/2004/02/skos/core#",
    "@language": "hi",
    "description": "http://purl.org/dc/terms/description"
  },
  "@id": "http://rightsstatements.org/vocab/CNE/1.0/",
  "prefLabel": "प्रतिलिप्यधिकार (कॉपीराइट) मूल्यांकन नहीं किया गया है",
  "description": "यह न्‍यायसंगत कथन इंगित करता है कि जिस संगठन ने सामग्री को प्रकाशित किया है, उसने सामग्री के प्रतिलिप्यधिकार (कॉपीराइट) और संबंधित अधिकार स्थिति का मूल्यांकन नहीं किया है।",
  "definition": "इस सामग्री के प्रतिलिप्यधिकार (कॉपीराइट) या संबंधित अधिकारों  का मूल्यांकन नहीं किया गया है। \n\nकृपया अधिक जानकारी के लिए उस संगठन का निर्देश लें जिसने सामग्री को उपलब्ध कराया है। \n\nआप इस सामग्री का उपयोग किसी भी तरह से प्रतिलिप्यधिकार (कॉपीराइट) और संबंधित अधिकार कानूनों द्वारा अनुमति के अंतर्गत अपने हेतु करने के लिए स्वतंत्र हैं।",
  "note": [
    "जब तक स्पष्ट रूप से नहीं कहा जाता है कि जिस संगठन ने यह सामग्री उपलब्ध कराई है, वह उस विषय के बारे में कोई आश्वस्ति नहीं देता है और इस न्‍यायसंगत कथन की सटीकता की गारंटी नहीं दे सकता है, आप अपने उपयोग के लिए स्वयं उत्तरदायी है।",
    "आपको अपने इच्छित उपयोग के लिए अन्य अनुमतियाँ प्राप्त करने की आवश्यकता हो सकती है। उदाहरण के लिए, प्रचार, गोपनीयता या नैतिक अधिकार जैसे अन्य अधिकार इस बात को सीमित कर सकते हैं कि आप सामग्री का उपयोग कैसे कर सकते हैं।",
    "आपको उस संगठन की वेबसाइट पर सामग्री कीप्रतिलिप्यधिकार (कॉपीराइट)स्थिति के बारे में अतिरिक्त जानकारी मिल सकती है, जिसने सामग्री उपलब्ध कराई है।"
  ],
  "scopeNote": "यह  कथन उन सामग्री के लिए उपयोग किया जाना चाहिए जिनके लिए प्रतिलिप्यधिकार (कॉपीराइट) स्थिति अज्ञात है, जहां सामग्री उपलब्ध करने के इच्छुक संगठन ने अंतर्निहित कार्य की प्रतिलिप्यधिकार (कॉपीराइट) स्थिति का पता लगाने के लिए प्रयास नहीं किया है।"
}
