{
  "@context": {
    "@vocab": "http://www.w3.org/2004/02/skos/core#",
    "@language": "hi",
    "description": "http://purl.org/dc/terms/description"
  },
  "@id": "http://rightsstatements.org/vocab/InC-EDU/1.0/",
  "prefLabel": "प्रतिलिप्यधिकार (कॉपीराइट) में - शैक्षणिक प्रयोग अनुमत",
  "description": "यह न्‍यायसंगत कथन इंगित करता है कि यह लेबलयुक्त सामग्री प्रतिलिप्यधिकार (कॉपीराइट) में है लेकिन अतिरिक्त अनुमति प्राप्त किए बिना शैक्षिक उपयोग की अनुमति है।",
  "definition": "यह सामग्री प्रतिलिप्यधिकार (कॉपीराइट)और /अथवा संबंधित अधिकारों से सरंक्षित है।\n\nआप इस सामग्री का उपयोग किसी भी तरह से जो प्रतिलिप्यधिकार (कॉपीराइट)और संबंधित अधिकार कानून द्वारा अनुमत है और आपके उपयोग पर लागू होता है, कर सकते हैं।\n\nअन्य उपयोगों के लिए आपको अधिकार धारकों से अनुमति प्राप्त करने की आवश्यकता है।",
  "note": [
    "जब तक स्पष्ट रूप से नहीं कहा जाता है कि जिस संगठन ने यह सामग्री उपलब्ध कराई है, वह उस विषय के बारे में कोई आश्वस्ति नहीं देता है और इस न्‍यायसंगत कथन की सटीकता की गारंटी नहीं दे सकता है, आप अपने उपयोग के लिए स्वयं उत्तरदायी है।",
    "आपको अपने इच्छित उपयोग के लिए अन्य अनुमतियाँ प्राप्त करने की आवश्यकता हो सकती है। उदाहरण के लिए, प्रचार, गोपनीयता या नैतिक अधिकार जैसे अन्य अधिकार इस बात को सीमित कर सकते हैं कि आप सामग्री का उपयोग कैसे कर सकते हैं।",
    "आपको उस संगठन की वेबसाइट पर सामग्री कीप्रतिलिप्यधिकार (कॉपीराइट)स्थिति के बारे में अतिरिक्त जानकारी मिल सकती है, जिसने सामग्री उपलब्ध कराई है।"
  ],
  "scopeNote": "यह न्‍यायसंगत कथन केवल कॉपीराइट की गई सामग्री के लिए उपयोग किया जा सकता है जिसके लिए सामग्री उपलब्ध कराने वाला संगठन अधिकार धारक है या अधिकार धारकों द्वारा स्पष्ट रूप से अधिकृत किया गया है ताकि तृतीय पक्षों को, पहले अनुमति प्राप्त किए बिना शैक्षणिक उद्देश्यों के लिए अपने कार्य (ओं) का उपयोग करने की अनुमति दी जा सके।"
}
