{
  "@context": {
    "@vocab": "http://www.w3.org/2004/02/skos/core#",
    "@language": "en",
    "description": "http://purl.org/dc/terms/description"
  },
  "@id": "http://rightsstatements.org/vocab/InC-NC/1.0/",
  "prefLabel": "In Copyright - Non-Commercial Use Permitted",
  "description": "This Rights Statement indicates that the Item labeled with this Rights Statement is in copyright but that non-commercial use is allowed without the need to obtain additional permission.",
  "definition": "This Item is protected by copyright and/or related rights.\n\n  You are free to use this Item in any way that is permitted by the copyright and related rights legislation that applies to your use. In addition, no permission is required from the rights-holder(s) for non-commercial uses.\n\n  For other uses you need to obtain permission from the rights-holder(s).",
  "note": [
    "Unless expressly stated otherwise, the organization that has made this Item available makes no warranties about the Item and cannot guarantee the accuracy of this Rights Statement. You are responsible for your own use.",
    "You may need to obtain other permissions for your intended use. For example, other rights such as publicity, privacy or moral rights may limit how you may use the material.",
    "You may find additional information about the copyright status of the Item on the website of the organization that has made the Item available."
  ],
  "scopeNote": "This Rights Statement can be used only for copyrighted Items for which the organization making the Item available is the rights-holder or has been explicitly authorized by the rights-holder(s) to allow third parties to use their Work(s) for non-commercial purposes without obtaining permission first."
}
