{
  "@context": {
    "@vocab": "http://www.w3.org/2004/02/skos/core#",
    "@language": "hi",
    "description": "http://purl.org/dc/terms/description"
  },
  "@id": "http://rightsstatements.org/vocab/InC/1.0/",
  "prefLabel": "प्रतिलिप्यधिकार (कॉपीराइट) में",
  "description": "यह न्यासंगत कथन दर्शाता है कि इस न्यायसंगत कथन के साथ लेबल की गई सामग्री प्रतिलिप्यधिकार (कॉपीराइट) में है",
  "definition": "यह सामग्री प्रतिलिप्यधिकार (कॉपीराइट) और / अथवा संबंधित अधिकारों \n\nसे सरंक्षित है। आप इस सामग्री का उपयोग किसी भी तरह से जो प्रतिलिप्यधिकार (कॉपीराइट) और संबंधित अधिकार कानून द्वारा अनुमत है और आपके उपयोग पर लागू होता है, कर सकते हैं।\n\nअन्य उपयोगों के लिए आपको अधिकार धारकों से अनुमति प्राप्त करने की आवश्यकता है।",
  "note": [
    "जब तक स्पष्ट रूप से नहीं कहा जाता है कि जिस संगठन ने यह सामग्री उपलब्ध कराई है, वह उस विषय के बारे में कोई आश्वस्ति नहीं देता है और इस न्‍यायसंगत कथन की सटीकता की गारंटी नहीं दे सकता है, आप अपने उपयोग के लिए स्वयं उत्तरदायी है।",
    "आपको अपने इच्छित उपयोग के लिए अन्य अनुमतियाँ प्राप्त करने की आवश्यकता हो सकती है। उदाहरण के लिए, प्रचार, गोपनीयता या नैतिक अधिकार जैसे अन्य अधिकार इस बात को सीमित कर सकते हैं कि आप सामग्री का उपयोग कैसे कर सकते हैं।",
    "आपको उस संगठन की वेबसाइट पर सामग्री की प्रतिलिप्यधिकार (कॉपीराइट) स्थिति के बारे में अतिरिक्त जानकारी मिल सकती है, जिसने सामग्री उपलब्ध कराई है।"
  ],
  "scopeNote": "यह न्‍यायसंगत कथन किसी सामग्री के लिए उपयोग किया जा सकता है जो प्रतिलिप्यधिकार (कॉपीराइट) में है। इस कथन का उपयोग करने का तात्पर्य यह है कि इस सामग्री को उपलब्ध कराने वाले संगठन ने यह निर्धारित किया है कि यह सामग्री प्रतिलिप्यधिकार (कॉपीराइट) में है और या तो अधिकार धारक है, अधिकार धारक (कों) से उनके कार्य  को उपलब्ध कराने के लिए अनुमति प्राप्त है अथवा सामग्री अपवाद या प्रतिलिप्यधिकार (कॉपीराइट) की सीमा के तहत उपलब्ध है जो सामग्री को उपलब्ध कराने के लिए पात्र बनाता है।"
}
