{
  "@context": {
    "@vocab": "http://www.w3.org/2004/02/skos/core#",
    "@language": "fi",
    "description": "http://purl.org/dc/terms/description"
  },
  "@id": "http://rightsstatements.org/vocab/InC/1.0/",
  "prefLabel": "Tekijänoikeuden piirissä",
  "description": "Tällä käyttöoikeuskuvauksella ilmaistaan, että käyttöoikeuskuvauksella varustettu Kohde kuuluu tekijänoikeuden piiriin.",
  "definition": "Tämä Kohde on tekijänoikeuden ja/tai lähioikeuksien suojaama.\n\n  Voit käyttää Kohdetta käyttöösi sovellettavan tekijänoikeutta ja lähioikeuksia koskevan lainsäädännön sallimilla tavoilla.\n\n  Muunlaista käyttöä varten tarvitset oikeudenhaltijoiden luvan.",
  "note": [
    "Ellei erikseen ole muuta nimenomaisesti ilmoitettu, tämän Kohteen saataville saattanut organisaatio ei anna mitään Kohdetta koskevaa takuuta eikä voi taata tämän käyttöoikeuskuvauksen virheettömyyttä. Olet vastuussa omasta käytöstäsi.",
    "Saatat tarvita muita lupia aikomaasi käyttöä varten. Esimerkiksi moraaliset oikeudet, yksityisyyden suojaa koskevat oikeudet taikka henkilön oikeudet määrätä kuvansa tai henkilönsä tunnistettavan osan kaupallisesta käytöstä voivat rajoittaa aineiston käyttöä.",
    "Lisätietoja Kohteen tekijänoikeudellisesta statuksesta voi olla saatavissa Kohteen saataville saattaneen organisaation verkkosivuilta."
  ],
  "scopeNote": "Tätä käyttöoikeuskuvausta voidaan käyttää Kohteeseen, joka on tekijänoikeuden suojaama. Kuvausta käyttämällä ilmaistaan, että Kohteen saataville saattava organisaatio on todennut kohteen olevan tekijänoikeuden piirissä ja että kyseinen organisaatio saattaa kohteen saataville joko kohteeseen liittyvän teoksen (tai teosten) oikeudenhaltijana, oikeudenhaltijan tai -haltijoiden luvalla taikka perustuen sellaiseen tekijänoikeutta koskevaan poikkeukseen tai rajoitukseen (mukaan lukien “Fair use“), joka antaa sille tähän oikeuden."
}
