{
  "@context": {
    "@vocab": "http://www.w3.org/2004/02/skos/core#",
    "@language": "es",
    "description": "http://purl.org/dc/terms/description"
  },
  "@id": "http://rightsstatements.org/vocab/InC/1.0/",
  "prefLabel": "Protegido por derecho de autor",
  "description": "Esta Declaración de Derechos indica que el material etiquetado con esta Declaración de Derechos se encuentra protegido por derecho de autor.",
  "definition": "Este material se encuentra protegido por derecho de autor y/o otros derechos conexos.\n\n  Usted es libre de utilizar este material de cualquier forma que esté permitida por la legislación sobre derecho de autor y derechos conexos que aplique para su uso.\n\n  Para otros usos, usted necesita obtener permiso del titular o titulares de derechos.",
  "note": [
    "A menos que se exprese lo contrario, la organización que ha puesto este material a disposición no otorga garantías sobre el material y no puede garantizar la exactitud de esta Declaración de Derechos. Usted es responsable por el uso que haga del material.",
    "Usted quizás necesite obtener permiso para el uso que pretende hacer del material. Por ejemplo, otros derechos tales como el derecho a la publicidad, el derecho a la privacidad o los derechos morales pueden limitar la forma en que puede utilizar el material.",
    "Usted puede encontrar información adicional sobre el estado del derecho de autor del material en el sitio web de la organización que puso a disposición el material."
  ],
  "scopeNote": "Esta Declaración de Derechos puede ser utilizada para un material que está protegido por derecho de autor. El uso de esta declaración implica que la organización que ha puesto este material a disposición ha determinado que el material está protegido por derecho de autor y que o bien es la titular de derechos o ha obtenido permiso del titular o titulares de derechos o pone el material a disposición bajo una excepción o limitación al derecho de autor (incluyendo el uso justo) que la autoriza a poner a disposición el material."
}
