{
  "@context": {
    "@vocab": "http://www.w3.org/2004/02/skos/core#",
    "@language": "hi",
    "description": "http://purl.org/dc/terms/description"
  },
  "@id": "http://rightsstatements.org/vocab/NKC/1.0/",
  "prefLabel": "कोई ज्ञात प्रतिलिप्यधिकार (कॉपीराइट) नहीं हैं",
  "description": "यह न्‍यायसंगत कथन इंगित करता है कि जिस संगठन ने सामग्री प्रकाशित की है, उसका विश्वास है कि इस सामग्री के लिए कोई प्रतिलिप्यधिकार (कॉपीराइट) या संबंधित अधिकार मौजूद नहीं है, लेकिन कोई एक निश्चयात्मक निर्धारण नहीं किया जा सका है।",
  "definition": "जिस संगठन ने सामग्री उपलब्ध कराई है, उसका तार्किक विश्वास है कि यह सामग्री प्रतिलिप्यधिकार (कॉपीराइट) या संबंधित अधिकारों के अंतर्गत प्रतिबंधित नहीं है, किंतु इस विषय में अंतिम निर्धारण नहीं किया जा सका है।\n\nकृपया अधिक जानकारी के लिए उस संगठन का निर्देश लें जिसने सामग्री को उपलब्ध कराया है।\n\nआप इस सामग्री का उपयोग किसी भी तरह से प्रतिलिप्यधिकार (कॉपीराइट) और संबंधित अधिकार कानूनों द्वारा अनुमति के अंतर्गत अपने लिए करने के लिए स्वतंत्र हैं।",
  "note": [
    "जब तक स्पष्ट रूप से नहीं कहा जाता है कि जिस संगठन ने यह सामग्री उपलब्ध कराई है, वह उस विषय के बारे में कोई आश्वस्ति नहीं देता है और इस न्‍यायसंगत कथन की सटीकता की गारंटी नहीं दे सकता है, आप अपने उपयोग के लिए स्वयं उत्तरदायी है।",
    "आपको अपने इच्छित उपयोग के लिए अन्य अनुमतियाँ प्राप्त करने की आवश्यकता हो सकती है। उदाहरण के लिए, प्रचार, गोपनीयता या नैतिक अधिकार जैसे अन्य अधिकार इस बात को सीमित कर सकते हैं कि आप सामग्री का उपयोग कैसे कर सकते हैं।",
    "आपको उस संगठन की वेबसाइट पर सामग्री की प्रतिलिप्यधिकार (कॉपीराइट) स्थिति के बारे में अतिरिक्त जानकारी मिल सकती है, जिसने सामग्री उपलब्ध कराई है।"
  ],
  "scopeNote": "यह न्यायसंगत कथन उन सामग्री के लिए उपयोग किया जाना चाहिए जिनके लिए प्रतिलिप्यधिकार (कॉपीराइट) स्थिति निश्चित रूप से निर्धारित नहीं की गई है, लेकिन वह संगठन जो सामग्री उपलब्ध कराने का इच्छुक है, उसके पास यह विश्वास करने का पर्याप्त कारण है कि अंतर्निहित कार्य प्रतिलिप्यधिकार (कॉपीराइट) या संबंधित अधिकारों के अंतर्गत नहीं आता है। इस कथन का प्रयोग अज्ञात कार्य (ऑर्फन वर्क्स) (जिन्हें प्रतिलिप्यधिकार (कॉपीराइट) में माना जाता है) या उन सामग्री के लिए नहीं किया जाना चाहिए जहां सामग्री उपलब्ध करने के इच्छुक संगठन ने अंतर्निहित कार्य की प्रतिलिप्यधिकार (कॉपीराइट) स्थिति का पता लगाने के लिए प्रयास नहीं किया है।"
}
