{
  "@context": {
    "@vocab": "http://www.w3.org/2004/02/skos/core#",
    "@language": "nl",
    "description": "http://purl.org/dc/terms/description"
  },
  "@id": "http://rightsstatements.org/vocab/NKC/1.0/",
  "prefLabel": "Geen auteursrechtelijke beperkingen bekend",
  "description": "Deze Rechtenverklaring geeft aan dat de organisatie die het Item heeft gepubliceerd gelooft dat er geen auteursrechten of aanverwante rechten bekend zijn voor het Item, maar dit kon niet met zekerheid vastgesteld worden.",
  "definition": "De organisatie die het Item beschikbaar heeft gesteld, is redelijkerwijs van mening dat het Item niet wordt beperkt door het auteursrecht of aanverwante rechten, maar de organisatie kon hierover geen definitieve conclusie trekken.\n\nVoor meer informatie, neem alsjeblieft contact op met de organisatie die het Item beschikbaar heeft gesteld.\n\nJe bent vrij om dit Item te gebruiken op elke manier die is toegestaan door de wetgeving betreffende het auteursrecht en de aanverwante rechten die van toepassing is op je gebruik.",
  "note": [
    "Tenzij uitdrukkelijk anders vermeld, geeft de organisatie die dit Item beschikbaar heeft gesteld geen garanties over het Item en kan ze de juistheid van deze Rechtenverklaring niet verzekeren. Je bent zelf verantwoordelijk voor je gebruik van dit Item.",
    "Mogelijk moet je andere vormen van toestemming verkrijgen voor het beoogde gebruik. Andere rechten, zoals het recht van mededeling aan het publiek, de bescherming van de privacy of de morele rechten, kunnen bijvoorbeeld de manier waarop je het materiaal kan gebruiken beperken.",
    "Je kan aanvullende informatie over de auteursrechtelijke status van het Item vinden op de website van de organisatie die het Item beschikbaar heeft gesteld."
  ],
  "scopeNote": "Deze Rechtenverklaring moet worden gebruikt voor Items waarvan de auteursrechtelijke status niet definitief is vastgesteld, maar waarvoor de organisatie die van plan is het Item beschikbaar te stellen een redelijke reden heeft om aan te nemen dat het onderliggende Werk niet meer onder het auteursrecht of de aanverwante rechten valt. Deze Rechtenverklaring dient niet gebruikt te worden voor Verweesde Werken (waarvan wordt aangenomen dat ze auteursrechtelijk beschermd zijn) of voor Items waarbij de organisatie die van plan is het item beschikbaar te stellen geen inspanningen heeft gedaan om de auteursrechtelijke status van het onderliggende Werk te achterhalen."
}
