{
  "@context": {
    "@vocab": "http://www.w3.org/2004/02/skos/core#",
    "@language": "nl",
    "description": "http://purl.org/dc/terms/description"
  },
  "@id": "http://rightsstatements.org/vocab/NoC-OKLR/1.0/",
  "prefLabel": "Niet auteursrechtelijk beschermd - andere juridische beperkingen",
  "description": "Deze Rechtenverklaring geeft aan dat het onderliggende Werk zich in het Publiek Domein bevindt, maar dat er gekende beperkingen zijn opgelegd op het gebruik van het Item door derden door andere wetten dan de wetgeving betreffende het auteursrecht en/of de aanverwante rechten.",
  "definition": "Het gebruik van dit Item is niet beperkt door het auteursrecht en/of aanverwante rechten.\n\nIn een of meer rechtsgebieden is het bekend dat andere wetten dan de wetgeving betreffende het auteursrecht beperkingen opleggen aan het gebruik van dit Item.\n\nVoor meer informatie, neem alsjeblieft contact op met de organisatie die het Item beschikbaar heeft gesteld.",
  "note": [
    "Tenzij uitdrukkelijk anders vermeld, geeft de organisatie die dit Item beschikbaar heeft gesteld geen garanties over het Item en kan ze de juistheid van deze Rechtenverklaring niet verzekeren. Je bent zelf verantwoordelijk voor je gebruik van dit Item.",
    "Mogelijk moet je andere vormen van toestemming verkrijgen voor het beoogde gebruik. Andere rechten, zoals het recht van mededeling aan het publiek, de bescherming van de privacy of de morele rechten, kunnen bijvoorbeeld de manier waarop je het materiaal kan gebruiken beperken.",
    "Je kan aanvullende informatie over de auteursrechtelijke status van het Item vinden op de website van de organisatie die het Item beschikbaar heeft gesteld."
  ],
  "scopeNote": "Deze Rechtenverklaring moet gebruikt worden voor Items die zich in het Publiek Domein bevinden, maar die niet vrijelijk kunnen worden hergebruikt als gevolg van gekende wettelijke beperkingen, zoals de bescherming van cultureel erfgoed of van traditionele culturele uitingen, die verhinderen dat de organisatie die van plan is het Item beschikbaar te stellen vrij hergebruik van het Item toestaat. Om deze Rechtenverklaring definitief te laten zijn, moet de organisatie die van plan is het Item beschikbaar te stellen een link naar een pagina verstrekken met de wettelijke beperkingen die het hergebruik van het Item inperken."
}
