{
  "@context": {
    "@vocab": "http://www.w3.org/2004/02/skos/core#",
    "@language": "en",
    "description": "http://purl.org/dc/terms/description"
  },
  "@id": "http://rightsstatements.org/vocab/NoC-OKLR/1.0/",
  "prefLabel": "No Copyright - Other Known Legal Restrictions",
  "description": "This Rights Statement indicates that the underlying Work is in the Public Domain, but that there are known restrictions imposed by laws other than copyright and/or related rights on the use of the Item by third parties.",
  "definition": "Use of this Item is not restricted by copyright and/or related rights.\n\n  In one or more jurisdictions, laws other than copyright are known to impose restrictions on the use of this Item.\n\n  Please refer to the organization that has made the Item available for more information.",
  "note": [
    "Unless expressly stated otherwise, the organization that has made this Item available makes no warranties about the Item and cannot guarantee the accuracy of this Rights Statement. You are responsible for your own use.",
    "You may need to obtain other permissions for your intended use. For example, other rights such as publicity, privacy or moral rights may limit how you may use the material.",
    "You may find additional information about the copyright status of the Item on the website of the organization that has made the Item available."
  ],
  "scopeNote": "This Rights Statement should be used for Items that are in the Public Domain but that cannot be freely re-used as the consequence of known legal restrictions that prevent the organization that intends to make the Item available from allowing free re-use of the Item, such as cultural heritage or traditional cultural expression protections. In order for this Rights Statement to be conclusive, the organization that intends to make the Item available should provide a link to a page detailing the legal restrictions that limit re-use of the Item."
}
