{
  "@context": {
    "@vocab": "http://www.w3.org/2004/02/skos/core#",
    "@language": "hi",
    "description": "http://purl.org/dc/terms/description"
  },
  "@id": "http://rightsstatements.org/vocab/NoC-OKLR/1.0/",
  "prefLabel": "कोई प्रतिलिप्यधिकार नहीं - अन्य ज्ञात कानूनी प्रतिबंध",
  "description": "यह न्‍यायसंगत कथन इंगित करता है कि अंतर्निहित कार्य सार्वजनिक कार्यवर्ग (डोमेन) में है, लेकिन तीसरे पक्ष द्वारा सामग्री के उपयोग पर प्रतिलिप्यधिकार (कॉपीराइट) और / या संबंधित अधिकारों के अलावा अन्य कानूनों द्वारा प्रतिबंध लगाए गए हैं।",
  "definition": "इस सामग्री का उपयोग प्रतिलिप्यधिकार (कॉपीराइट) और / या संबंधित अधिकारों द्वारा प्रतिबंधित नहीं है। \n\n\nएक या अधिक अधिकार क्षेत्र में, प्रतिलिप्यधिकार (कॉपीराइट) के अलावा अन्य कानून इस सामग्री के उपयोग पर प्रतिबंध लगाने के लिए ज्ञात हैं। \n\n\nकृपया अधिक जानकारी के लिए उस संगठन का निर्देश लें जिसने इस सामग्री को उपलब्ध कराया है।",
  "note": [
    "जब तक स्पष्ट रूप से नहीं कहा जाता है कि जिस संगठन ने यह सामग्री उपलब्ध कराई है, वह उस विषय के बारे में कोई आश्वस्ति नहीं देता है और इस न्‍यायसंगत कथन की सटीकता की गारंटी नहीं दे सकता है, आप अपने उपयोग के लिए स्वयं उत्तरदायी है।",
    "आपको अपने इच्छित उपयोग के लिए अन्य अनुमतियाँ प्राप्त करने की आवश्यकता हो सकती है। उदाहरण के लिए, प्रचार, गोपनीयता या नैतिक अधिकार जैसे अन्य अधिकार इस बात को सीमित कर सकते हैं कि आप सामग्री का उपयोग कैसे कर सकते हैं।",
    "आपको उस संगठन की वेबसाइट पर सामग्री कीप्रतिलिप्यधिकार (कॉपीराइट)स्थिति के बारे में अतिरिक्त जानकारी मिल सकती है, जिसने सामग्री उपलब्ध कराई है।"
  ],
  "scopeNote": "यह न्‍यायसंगत कथन सार्वजनिक कार्यवर्ग (डोमेन) में मौजूद सामग्री के लिए उपयोग किया जाना चाहिए, किंतु मुक्त रूप से इनके पुनः प्रयोग की अनुमति से सामग्री, जैसे सांस्कृतिक विरासत या पारंपरिक सांस्कृतिक अभिव्यक्ति सुरक्षा, उपलब्ध कराने के इच्छुक संगठन को रोकने वाले ऐसे ज्ञात विधिक प्रतिबंधों के परिणामों की तरह स्वतंत्रतापूर्वक, पुनः प्रयोग नहीं किए जा सकते। इस न्यायसंगत कथन के निश्चयात्मक आदेश में सामग्री को उपलब्ध कराने के इच्छुक संगठन द्वारा सामग्री के पुन:"
}
