{
  "@context": {
    "@vocab": "http://www.w3.org/2004/02/skos/core#",
    "@language": "en",
    "description": "http://purl.org/dc/terms/description"
  },
  "@id": "http://rightsstatements.org/vocab/NoC-US/1.0/",
  "prefLabel": "No Copyright - United States",
  "description": "This Rights Statement indicates that the Item is in the Public Domain under the laws of the United States, but that a determination was not made as to its copyright status under the copyright laws of other countries.",
  "definition": "The organization that has made the Item available believes that the Item is in the Public Domain under the laws of the United States, but a determination was not made as to its copyright status under the copyright laws of other countries. The Item may not be in the Public Domain under the laws of other countries.\n\n  Please refer to the organization that has made the Item available for more information.",
  "note": [
    "Unless expressly stated otherwise, the organization that has made this Item available makes no warranties about the Item and cannot guarantee the accuracy of this Rights Statement. You are responsible for your own use.",
    "You may need to obtain other permissions for your intended use. For example, other rights such as publicity, privacy or moral rights may limit how you may use the material.",
    "You may find additional information about the copyright status of the Item on the website of the organization that has made the Item available."
  ],
  "scopeNote": "This Rights Statement should be used for Items for which the organization that intends to make the Item available has determined are free of copyright under the laws of the United States. This Rights Statement should not be used for Orphan Works (which are assumed to be in-copyright) or for Items where the organization that intends to make the Item available has not undertaken an effort to ascertain the copyright status of the underlying Work."
}
