{
  "@context": {
    "@vocab": "http://www.w3.org/2004/02/skos/core#",
    "@language": "nl",
    "description": "http://purl.org/dc/terms/description"
  },
  "@id": "http://rightsstatements.org/vocab/NoC-US/1.0/",
  "prefLabel": "Niet auteursrechtelijk beschermd - Verenigde Staten",
  "description": "Deze Rechtenverklaring geeft aan dat het Item zich in het Publiek Domein bevindt volgens de wetten van de Verenigde Staten, maar de auteursrechtelijke status volgens de auteursrechtwetgeving van andere landen is niet vastgesteld.",
  "definition": "De organisatie die het Item beschikbaar heeft gesteld, is van mening dat het Item zich in het Publiek Domein bevindt volgens de wetten van de Verenigde Staten, maar de auteursrechtelijke status volgens de auteursrechtwetgeving van andere landen is niet vastgesteld. Het Item bevindt zich mogelijk niet in het Publiek Domein onder de wetgeving van andere landen.\n\nVoor meer informatie, neem alsjeblieft contact op met de organisatie die het Item beschikbaar heeft gesteld.",
  "note": [
    "Tenzij uitdrukkelijk anders vermeld, geeft de organisatie die dit Item beschikbaar heeft gesteld geen garanties over het Item en kan ze de juistheid van deze Rechtenverklaring niet verzekeren. Je bent zelf verantwoordelijk voor je gebruik van dit Item.",
    "Mogelijk moet je andere vormen van toestemming verkrijgen voor het beoogde gebruik. Andere rechten, zoals het recht van mededeling aan het publiek, de bescherming van de privacy of de morele rechten, kunnen bijvoorbeeld de manier waarop je het materiaal kan gebruiken beperken.",
    "Je kan aanvullende informatie over de auteursrechtelijke status van het Item vinden op de website van de organisatie die het Item beschikbaar heeft gesteld."
  ],
  "scopeNote": "Deze Rechtenverklaring dient te worden gebruikt voor Items waarvan de organisatie die van plan is het Item beschikbaar te stellen heeft vastgesteld dat deze vrij is van auteursrechten volgens de wetgeving van de Verenigde Staten. Deze Rechtenverklaring dient niet gebruikt te worden voor verweesde werken (waarvan wordt aangenomen dat ze auteursrechtelijk beschermd zijn) of voor Items waarvoor de organisatie die van plan is het Item beschikbaar te stellen geen inspanningen heeft gedaan om de auteursrechtelijke status van het onderliggende Werk te achterhalen."
}
