{
  "@context": {
    "@vocab": "http://www.w3.org/2004/02/skos/core#",
    "@language": "de",
    "description": "http://purl.org/dc/terms/description"
  },
  "@id": "http://rightsstatements.org/vocab/UND/1.0/",
  "prefLabel": "Urheberrechtsschutz ungewiss",
  "description": "Dieser Rechtehinweis besagt, dass die Institution, die das Objekt zugänglich macht, den Urheberrechtsschutz und sonstigen Rechtsstatus des Objekts zwar überprüft hat, aber nicht in der Lage war, diesen zu bestimmen.",
  "definition": "Der Urheberrechtsschutz und sonstige Rechtsstatus des Objekts wurde von der Institution, die dieses zugänglich macht, überprüft, aber die Institution war nicht in der Lage, eine abschließende Bestimmung des Urheberrechtsschutz des Objekts vorzunehmen.\n\n  Bitte kontaktieren Sie für weitergehende Informationen die Institution, die das Objekt zugänglich gemacht hat.\n\n  Sie sind berechtigt, das Objekt in jeder Form zu nutzen, die das Urheberrechtsgesetz und/oder einschlägige verwandte Schutzrechte gestatten.",
  "note": [
    "Soweit nicht ausdrücklich an anderer Stelle ausgewiesen, macht die Institution, die das Objekt zugänglich macht, keine Zusicherungen in Bezug auf dieses und übernimmt keine Garantie für die Richtigkeit des gewählten Rechtehinweises. Sie sind für die eigene Nutzung selbst verantwortlich.",
    "Möglicherweise benötigen Sie zusätzliche Erlaubnisse für die beabsichtigte Nutzung. Zum Beispiel weil andere Rechte wie Veröffentlichungs-, Persönlichkeits- oder Urheberpersönlichkeitsrechte den erlaubten Nutzungsumfang einschränken.",
    "Möglicherweise finden Sie zusätzliche Informationen zum Urheberrechtsschutz des Objekts auf der Website der Institution, die das Objekt verfügbar gemacht hat."
  ],
  "scopeNote": "Dieser Rechtehinweis sollte für Objekte genutzt werden, bei denen der Urheberrechtsschutz unbekannt ist und bei denen die Institution, die sie verfügbar macht, (erfolglose) Anstrengungen unternommen hat, den Urheberrechtsschutz des zugrunde liegenden Werks festzustellen. Typischerweise wird dieser Rechtehinweis benutzt, wenn der Institution Schlüsselinformationen fehlen, die für eine exakte Feststellung des Urheberrechtsschutz unerlässlich sind."
}
