{
  "@context": {
    "@vocab": "http://www.w3.org/2004/02/skos/core#",
    "@language": "en",
    "description": "http://purl.org/dc/terms/description"
  },
  "@id": "http://rightsstatements.org/vocab/UND/1.0/",
  "prefLabel": "Copyright Undetermined",
  "description": "This Rights Statement indicates that the organization that has made the Item available has reviewed the copyright and related rights status of the Item, but was unable to determine the copyright status of the Item.",
  "definition": "The copyright and related rights status of this Item has been reviewed by the organization that has made the Item available, but the organization was unable to make a conclusive determination as to the copyright status of the Item.\n\n  Please refer to the organization that has made the Item available for more information.\n\n  You are free to use this Item in any way that is permitted by the copyright and related rights legislation that applies to your use.",
  "note": [
    "Unless expressly stated otherwise, the organization that has made this Item available makes no warranties about the Item and cannot guarantee the accuracy of this Rights Statement. You are responsible for your own use.",
    "You may need to obtain other permissions for your intended use. For example, other rights such as publicity, privacy or moral rights may limit how you may use the material.",
    "You may find additional information about the copyright status of the Item on the website of the organization that has made the Item available."
  ],
  "scopeNote": "This Rights Statement should be used for Items for which the copyright status is unknown and for which the organization that has made the Item available has undertaken an (unsuccessful) effort to determine the copyright status of the underlying Work. Typically, this Rights Statement is used when the organization is missing key facts essential to making an accurate copyright status determination."
}
