{
  "@context": {
    "@vocab": "http://www.w3.org/2004/02/skos/core#",
    "@language": "nl",
    "description": "http://purl.org/dc/terms/description"
  },
  "@id": "http://rightsstatements.org/vocab/UND/1.0/",
  "prefLabel": "Auteursrechtelijke bescherming niet bepaald",
  "description": "Deze Rechtenverklaring geeft aan dat de organisatie die het Item beschikbaar heeft gesteld de status betreffende het auteursrecht en de aanverwante rechten van het Item heeft onderzocht, maar de auteursrechtelijke status van het Item niet kon bepalen.",
  "definition": "De status betreffende het auteursrecht en de aanverwante rechten van dit Item is beoordeeld door de organisatie die het Item beschikbaar heeft gesteld, maar de organisatie kon de auteursrechtelijke status van het Item niet met zekerheid vaststellen.\n\nVoor meer informatie, neem alsjeblieft contact op met  de organisatie die het Item beschikbaar heeft gesteld.\n\nJe bent vrij om dit Item te gebruiken op elke manier die is toegestaan door de wetgeving betreffende het auteursrecht en de aanverwante rechten die van toepassing is op je gebruik.",
  "note": [
    "Tenzij uitdrukkelijk anders vermeld, geeft de organisatie die dit Item beschikbaar heeft gesteld geen garanties over het Item en kan ze de juistheid van deze Rechtenverklaring niet verzekeren. Je bent zelf verantwoordelijk voor je gebruik van dit Item.",
    "Mogelijk moet je andere vormen van toestemming verkrijgen voor het beoogde gebruik. Andere rechten, zoals het recht van mededeling aan het publiek, de bescherming van de privacy of de morele rechten, kunnen bijvoorbeeld de manier waarop je het materiaal kan gebruiken beperken.",
    "Je kan aanvullende informatie over de auteursrechtelijke status van het Item vinden op de website van de organisatie die het Item beschikbaar heeft gesteld."
  ],
  "scopeNote": "Deze Rechtenverklaring moet gebruikt worden voor Items waarvan de auteursrechtelijke status onbekend is, en waarvoor de organisatie die het Item beschikbaar heeft gesteld een (niet-succesvolle) poging heeft ondernomen om de auteursrechtelijke status van het onderliggende Werk te bepalen. Doorgaans wordt deze Rechtenverklaring gebruikt wanneer de organisatie belangrijke feiten mist die essentieel zijn voor een nauwkeurige bepaling van de auteursrechtelijke status."
}
